City_ID,City,Country,Lat,Lng,Max Temp,Humidity,Cloudiness,Wind Speed,Current Description
0,Georgetown,MY,5.4112,100.3354,80.53,80,20,2.3,few clouds
1,Bereda,ES,43.2686,-7.5406,52.14,100,100,3.8,overcast clouds
2,Punta Arenas,CL,-53.15,-70.9167,55.51,88,75,5.75,broken clouds
3,Khatanga,RU,71.9667,102.5,-42.47,96,10,4.54,clear sky
4,Belmonte,BR,-15.8631,-38.8828,76.78,82,45,5.97,scattered clouds
5,Lata,PT,40.1629,-8.3327,55.08,97,100,10.71,overcast clouds
6,Tuktoyaktuk,CA,69.4541,-133.0374,-2.2,84,100,16.11,light snow
7,Kasongo-Lunda,CD,-6.4667,16.8167,69.66,97,97,0.76,overcast clouds
8,Rikitea,PF,-23.1203,-134.9692,77.09,72,100,1.92,light rain
9,Usevya,TZ,-7.1,31.2333,64.96,95,100,1.34,overcast clouds
10,Bambous Virieux,MU,-20.3428,57.7575,78.22,94,75,11.5,heavy intensity rain
11,Provideniya,RU,64.3833,-173.3,-12.89,70,0,4.47,clear sky
12,Richards Bay,ZA,-28.783,32.0377,77.31,88,66,4.65,broken clouds
13,Port Alfred,ZA,-33.5906,26.891,69.19,96,47,1.99,light rain
14,Honningsvag,NO,70.9821,25.9704,31.75,69,20,16.11,few clouds
15,Puerto Ayora,EC,-0.7393,-90.3518,77.56,90,57,4.0,broken clouds
16,Saint-Philippe,RE,-21.3585,55.7679,76.59,93,100,14.05,light rain
17,Bouna,CI,9.2667,-3.0,75.88,19,63,3.15,broken clouds
18,Ribeira Grande,PT,38.5167,-28.7,59.77,73,75,15.01,broken clouds
19,Constitucion,CL,-35.3333,-72.4167,61.72,76,64,6.33,broken clouds
20,Zakamensk,RU,50.3741,103.2863,-10.91,93,100,3.06,overcast clouds
21,Kirakira,SB,-10.4544,161.9205,82.9,80,100,9.84,overcast clouds
22,Hermanus,ZA,-34.4187,19.2345,61.81,86,3,5.91,clear sky
23,Kabare,CD,-2.4683,28.8242,59.77,92,64,0.25,broken clouds
24,Cooma,AU,-36.2333,149.1333,59.38,52,28,4.14,scattered clouds
25,Saint-Augustin,CA,51.226,-58.6502,24.57,70,100,19.8,overcast clouds
26,Hobart,AU,-42.8794,147.3294,68.05,56,20,9.22,few clouds
27,Hobyo,SO,5.3505,48.5268,76.05,78,46,21.68,scattered clouds
28,Serafimovskiy,RU,54.4241,53.7964,-1.25,81,19,4.9,few clouds
29,Leningradskiy,RU,69.3833,178.4167,-16.53,98,100,14.09,light snow
30,Bredasdorp,ZA,-34.5322,20.0403,66.33,84,3,2.46,clear sky
31,Ushuaia,AR,-54.8,-68.3,55.06,76,75,5.75,light rain
32,Saldanha,ZA,-33.0117,17.9442,66.25,95,0,8.81,clear sky
33,Ketchikan,US,55.3422,-131.6461,43.27,87,100,17.27,mist
34,Dwarka,IN,22.2394,68.9678,63.59,54,63,16.69,broken clouds
35,Atuona,PF,-9.8,-139.0333,78.98,76,28,18.48,scattered clouds
36,Los Llanos De Aridane,ES,28.6585,-17.9182,59.13,80,75,14.97,broken clouds
37,Hithadhoo,MV,-0.6,73.0833,80.13,79,97,12.5,moderate rain
38,Gualaquiza,EC,-3.4,-78.55,62.85,100,100,1.14,moderate rain
39,Jamestown,US,42.097,-79.2353,45.01,58,95,1.99,overcast clouds
40,Marsh Harbour,BS,26.5412,-77.0636,74.57,66,93,8.84,overcast clouds
41,Barrow,US,71.2906,-156.7887,-9.38,77,100,9.22,overcast clouds
42,Hualmay,PE,-11.0964,-77.6139,71.46,77,81,6.89,light rain
43,Nome,US,64.5011,-165.4064,-14.84,76,0,3.44,clear sky
44,Mbandaka,CD,0.0487,18.2603,75.25,65,79,2.77,broken clouds
45,Santa Isabel,BR,-23.3156,-46.2214,72.36,98,65,3.29,broken clouds
46,Airai,TL,-8.9266,125.4092,61.99,93,98,2.04,overcast clouds
47,Namibe,AO,-15.1961,12.1522,72.86,80,99,5.41,overcast clouds
48,Albany,US,42.6001,-73.9662,35.51,93,100,1.01,snow
49,Bethel,US,41.3712,-73.414,38.53,87,100,6.91,light rain
50,Laela,TZ,-8.5667,32.05,59.18,94,99,2.89,light rain
51,Mar Del Plata,AR,-38.0023,-57.5575,76.08,89,0,20.0,clear sky
52,Sechura,PE,-5.5569,-80.8222,73.18,68,98,12.48,overcast clouds
53,New Norfolk,AU,-42.7826,147.0587,67.71,49,9,3.0,clear sky
54,Vila,PT,42.0304,-8.1588,45.48,96,100,6.76,overcast clouds
55,Bluff,NZ,-46.6,168.3333,58.1,86,92,19.91,overcast clouds
56,Kraksaan,ID,-7.7585,113.3962,77.43,83,100,4.56,overcast clouds
57,Chokurdakh,RU,70.6333,147.9167,-36.35,100,51,5.64,broken clouds
58,Bose,IT,45.4612,8.0137,30.76,80,6,2.8,clear sky
59,Qaanaaq,GL,77.484,-69.3632,-31.11,53,0,7.65,clear sky
60,Te Anau,NZ,-45.4167,167.7167,56.26,94,100,3.67,light rain
61,Iqaluit,CA,63.7506,-68.5145,-9.31,76,100,0.0,light snow
62,Waingapu,ID,-9.6567,120.2641,77.85,86,99,6.29,moderate rain
63,Mount Gambier,AU,-37.8333,140.7667,59.65,62,100,8.25,overcast clouds
64,Busselton,AU,-33.65,115.3333,68.2,56,42,13.11,scattered clouds
65,Severo-Kurilsk,RU,50.6789,156.125,18.37,66,99,25.57,overcast clouds
66,Vaini,TO,-21.2,-175.2,87.96,74,40,17.27,scattered clouds
67,Zhangye,CN,38.9342,100.4517,7.09,61,0,2.82,clear sky
68,Amalapuram,IN,16.5833,82.0167,66.47,94,35,2.62,scattered clouds
69,Thinadhoo,MV,0.5333,72.9333,79.27,80,83,11.77,broken clouds
70,Sussex,US,41.1834,-74.6663,39.6,85,100,3.0,mist
71,Tvedestrand,NO,58.622,8.9315,27.45,92,100,7.45,overcast clouds
72,Kruisfontein,ZA,-34.0033,24.7314,66.88,92,1,4.68,clear sky
73,Mataura,NZ,-46.1927,168.8643,59.07,84,75,8.43,light rain
74,Esil,KZ,51.9556,66.4042,-5.4,74,29,2.06,scattered clouds
75,Susangerd,IR,31.5608,48.1831,54.1,62,0,4.07,clear sky
76,Tagusao,PH,9.1924,117.8141,78.37,84,100,5.79,overcast clouds
77,Salalah,OM,17.0151,54.0924,73.49,23,0,18.41,clear sky
78,Esteli,NI,13.0919,-86.3538,78.55,46,18,9.04,few clouds
79,Havre-Saint-Pierre,CA,50.2334,-63.5986,26.6,58,100,17.27,overcast clouds
80,Chuy,UY,-33.6971,-53.4616,71.83,76,76,11.79,broken clouds
81,Tiksi,RU,71.6872,128.8694,-27.78,100,89,3.27,overcast clouds
82,Sokolo,ML,14.7328,-6.1219,75.65,15,10,9.4,clear sky
83,Gouyave,GD,12.1646,-61.7296,75.97,83,20,17.27,few clouds
84,Manggar,ID,-2.8833,108.2667,76.93,89,99,5.3,overcast clouds
85,Cabo San Lucas,MX,22.8909,-109.9124,70.52,68,100,8.05,overcast clouds
86,Naze,JP,28.3667,129.4833,56.32,63,5,10.29,clear sky
87,Mogadishu,SO,2.0371,45.3438,77.14,82,87,20.96,overcast clouds
88,Kodiak,US,57.79,-152.4072,36.91,93,100,12.66,light rain
89,Kavieng,PG,-2.5744,150.7967,82.85,73,92,4.12,overcast clouds
90,Sao Joao Da Barra,BR,-21.6403,-41.0511,77.09,87,86,10.56,overcast clouds
91,Lebu,CL,-37.6167,-73.65,61.47,79,27,4.43,scattered clouds
92,Kaeo,NZ,-35.1,173.7833,74.44,49,4,1.32,clear sky
93,Starozhilovo,RU,54.2254,39.916,32.7,85,99,18.79,overcast clouds
94,Cape Town,ZA,-33.9258,18.4232,70.92,78,0,12.66,clear sky
95,Harper,LR,4.375,-7.7169,79.75,82,32,7.27,scattered clouds
96,Sibu,MY,2.3,111.8167,73.71,100,40,3.44,scattered clouds
97,Vao,NC,-22.6667,167.4833,75.67,68,16,11.16,few clouds
98,Awjilah,LY,29.1081,21.2869,57.97,25,0,11.03,clear sky
99,Banjar,ID,-8.19,114.9675,77.41,91,100,3.8,overcast clouds
100,Lorengau,PG,-2.0226,147.2712,80.56,82,100,9.55,overcast clouds
101,Luderitz,NA,-26.6481,15.1594,65.89,77,3,15.21,clear sky
102,Egvekinot,RU,66.3167,-179.1667,-26.86,87,80,8.52,broken clouds
103,Narsaq,GL,60.9167,-46.05,25.02,95,100,0.09,overcast clouds
104,Lamu,KE,-2.2717,40.902,79.02,79,98,13.15,overcast clouds
105,Nikolskoye,RU,59.7035,30.7861,33.8,96,100,2.82,overcast clouds
106,Kapaa,US,22.0752,-159.319,80.92,85,75,9.22,light rain
107,Yenagoa,NG,4.9247,6.2642,79.09,82,98,4.27,overcast clouds
108,Cockburn Town,TC,21.4612,-71.1419,76.66,74,37,18.66,scattered clouds
109,Butaritari,KI,3.0707,172.7902,80.55,81,85,18.57,light rain
110,Olinda,BR,-8.0089,-34.8553,80.33,74,40,5.75,scattered clouds
111,Victoria,HK,22.2855,114.1577,62.33,63,75,11.99,broken clouds
112,Teo,ES,42.75,-8.5,54.45,93,100,5.75,overcast clouds
113,Port Blair,IN,11.6667,92.75,78.84,73,75,0.0,mist
114,Hambantota,LK,6.1241,81.1185,71.49,70,20,15.37,few clouds
115,Aswan,EG,24.0934,32.907,62.22,50,0,7.87,clear sky
116,Dikson,RU,73.5069,80.5464,-28.35,94,8,4.92,clear sky
117,Clyde River,CA,70.4692,-68.5914,-21.77,76,100,8.05,overcast clouds
118,Hasaki,JP,35.7333,140.8333,42.22,83,99,11.27,overcast clouds
119,Broome,US,42.2506,-75.833,40.62,90,100,9.22,overcast clouds
120,Auki,SB,-8.7676,160.7034,84.22,72,100,5.23,overcast clouds
121,Port Elizabeth,ZA,-33.918,25.5701,69.31,87,0,11.5,clear sky
122,Soyo,AO,-6.1349,12.3689,77.27,91,100,9.4,light rain
123,Ponnani,IN,10.767,75.9252,69.12,68,9,10.67,clear sky
124,Soure,BR,-0.7167,-48.5233,74.05,87,100,7.83,overcast clouds
125,Gamba,GA,-2.65,10.0,74.34,94,100,6.82,moderate rain
126,Bac Lieu,VN,9.285,105.7244,74.93,83,85,3.87,overcast clouds
127,Anloga,GH,5.7947,0.8973,80.96,83,35,9.6,scattered clouds
128,Faanui,PF,-16.4833,-151.75,80.38,76,11,17.31,light rain
129,Opunake,NZ,-39.4556,173.8583,67.62,70,8,14.97,clear sky
130,Longyearbyen,SJ,78.2186,15.6401,30.04,74,40,14.97,scattered clouds
131,Jacksonville,US,30.3322,-81.6556,78.91,71,100,17.27,overcast clouds
132,Iquitos,PE,-3.7481,-73.2472,78.84,83,40,3.44,scattered clouds
133,Upernavik,GL,72.7868,-56.1549,-11.16,96,100,8.3,light snow
134,Saskylakh,RU,71.9167,114.0833,-41.31,100,80,4.7,broken clouds
135,San Vicente,AR,-26.6167,-54.1333,72.68,70,20,2.51,few clouds
136,Yamada,JP,39.4667,141.95,40.98,69,62,0.83,broken clouds
137,Romny,UA,50.751,33.4747,44.91,83,100,17.27,overcast clouds
138,Port Keats,AU,-14.25,129.55,84.52,73,100,8.68,overcast clouds
139,Atasu,KZ,48.6814,71.6433,-4.58,72,2,5.68,clear sky
140,Kununurra,AU,-15.7667,128.7333,86.94,61,100,3.96,overcast clouds
141,Katsuura,JP,35.1333,140.3,47.08,77,87,7.7,overcast clouds
142,Castro,BR,-24.7911,-50.0119,63.52,98,86,3.15,overcast clouds
143,Bitung,ID,1.4451,125.1824,77.85,74,100,7.9,overcast clouds
144,Hami,CN,42.8,93.45,14.14,54,5,3.11,clear sky
145,Yellowknife,CA,62.456,-114.3525,14.52,92,75,6.91,light snow
146,Acari,PE,-15.4311,-74.6158,72.99,77,44,4.9,scattered clouds
147,Ponta Do Sol,PT,32.6667,-17.1,61.72,68,45,9.44,scattered clouds
148,Cherskiy,RU,68.75,161.3,-27.0,96,100,5.84,overcast clouds
149,Klaksvik,FO,62.2266,-6.589,31.12,63,100,12.95,overcast clouds
150,Nyurba,RU,63.2842,118.3319,-47.52,100,94,1.99,overcast clouds
151,Yurga,RU,55.7231,84.8861,7.57,95,100,8.19,light snow
152,Saint George,US,37.1041,-113.5841,41.43,69,100,4.61,overcast clouds
153,Huautla,MX,21.0333,-98.2833,70.21,75,94,2.35,overcast clouds
154,Lagoa,PT,39.05,-27.9833,56.98,75,68,15.52,broken clouds
155,Kasungu,MW,-13.0333,33.4833,65.84,95,100,1.52,light rain
156,Yasothon,TH,15.75,104.1333,64.04,80,30,10.85,scattered clouds
157,Sabha,LY,27.0377,14.4283,49.19,34,0,10.31,clear sky
158,Avarua,CK,-21.2078,-159.775,84.25,74,40,19.57,scattered clouds
159,Kurchum,KZ,48.5722,83.6542,-19.17,98,48,1.23,scattered clouds
160,Dourbali,TD,11.8091,15.8632,71.55,20,41,9.26,scattered clouds
161,Northam,GB,51.0333,-4.2167,41.61,76,8,8.32,clear sky
162,Danjiangkou,CN,32.5428,111.5086,34.36,44,27,2.06,scattered clouds
163,Sao Filipe,CV,14.8961,-24.4956,73.76,70,21,13.85,few clouds
164,Mao,ES,39.8885,4.2658,54.16,58,20,24.16,few clouds
165,San Pedro De Macoris,DO,18.4616,-69.2972,77.61,83,1,9.57,clear sky
166,Ilulissat,GL,69.2167,-51.1,-35.3,77,1,6.76,clear sky
167,Atlantic City,US,39.3643,-74.4229,50.13,95,100,5.75,mist
168,Calama,CL,-22.4667,-68.9333,73.89,23,0,17.27,clear sky
169,Tasiilaq,GL,65.6145,-37.6368,10.56,95,100,1.77,light snow
170,Flinders,AU,-34.5833,150.8552,68.18,77,97,5.99,overcast clouds
171,Nokaneng,BW,-19.6667,22.2667,71.19,80,99,4.61,overcast clouds
172,Fortuna,US,40.5982,-124.1573,50.34,71,75,10.36,broken clouds
173,Hilo,US,19.7297,-155.09,84.27,65,20,13.8,few clouds
174,Talaja,IN,21.35,72.05,64.78,38,8,6.89,clear sky
175,Mizan Teferi,ET,6.9833,35.5833,64.72,58,58,2.68,broken clouds
176,Norton,ZW,-17.8833,30.7,62.33,97,94,6.4,overcast clouds
177,Mutoko,ZW,-17.397,32.2268,62.67,93,46,1.43,scattered clouds
178,San Cristobal,VE,7.7669,-72.225,73.58,78,86,1.7,overcast clouds
179,Torbay,CA,47.6666,-52.7314,36.57,94,100,11.5,overcast clouds
180,Tunceli,TR,39.1083,39.5471,40.48,55,19,4.59,few clouds
181,Dingle,PH,10.9995,122.6711,77.67,91,77,9.51,broken clouds
182,Byron Bay,AU,-28.65,153.6167,70.72,89,100,4.85,overcast clouds
183,Fort Nelson,CA,58.8053,-122.7002,21.94,92,75,0.0,broken clouds
184,Burgeo,CA,47.6167,-57.6152,35.01,95,100,12.95,light snow
185,Walvis Bay,NA,-22.9575,14.5053,65.17,87,23,6.6,few clouds
186,Bengkulu,ID,-3.8004,102.2655,73.02,91,100,4.97,overcast clouds
187,Putnam,US,36.1667,-85.65,56.35,68,2,12.57,clear sky
188,Tuatapere,NZ,-46.1333,167.6833,58.98,86,100,2.98,light rain
189,San Andres,CO,12.5847,-81.7006,82.42,74,20,9.22,few clouds
190,Pyaozerskiy,RU,65.8333,31.1667,28.62,86,100,11.56,overcast clouds
191,Cayenne,GF,4.9333,-52.3333,77.04,88,36,3.44,scattered clouds
192,Huarmey,PE,-10.0681,-78.1522,71.64,75,85,6.49,overcast clouds
193,Sheridan,US,44.8333,-106.9173,39.58,48,0,6.91,clear sky
194,Mahmudia,RO,45.0833,29.0833,48.4,84,21,14.03,few clouds
195,Isangel,VU,-19.55,169.2667,81.09,65,16,9.26,few clouds
196,San Pablo,PH,14.0669,121.3258,74.48,92,100,9.04,overcast clouds
197,Caravelas,BR,-17.7125,-39.2481,75.67,86,40,5.3,scattered clouds
198,Weston,US,26.1004,-80.3998,77.02,65,0,10.36,clear sky
199,Nemuro,JP,43.3236,145.575,32.16,98,100,22.86,snow
200,Norman Wells,CA,65.282,-126.8329,-5.76,77,20,0.0,few clouds
201,Gat,IL,31.61,34.7642,59.4,22,0,5.66,clear sky
202,Cabra,ES,37.4725,-4.4421,46.65,75,74,5.79,broken clouds
203,Sibiti,CG,-3.6819,13.3499,68.83,99,100,2.73,light rain
204,Touros,BR,-5.1989,-35.4608,79.36,78,60,12.12,broken clouds
205,Dromolaxia,CY,34.8761,33.586,51.46,93,20,5.75,few clouds
206,Wajima,JP,37.4,136.9,41.68,100,100,6.91,fog
207,Teguise,ES,29.0605,-13.564,59.22,72,20,23.02,few clouds
208,Eenhana,NA,-17.4667,16.3333,67.69,87,100,5.97,light rain
209,Arraial Do Cabo,BR,-22.9661,-42.0278,76.86,83,40,13.8,scattered clouds
210,Mahebourg,MU,-20.4081,57.7,78.26,94,75,11.5,heavy intensity rain
211,Metu,ET,8.3,35.5833,58.8,72,63,2.84,broken clouds
212,Codrington,AU,-38.2667,141.9667,64.11,59,93,12.82,overcast clouds
213,Saint-Junien,FR,45.8833,0.9,34.38,95,95,6.2,overcast clouds
214,Dzaoudzi,YT,-12.7887,45.2699,84.09,79,100,13.8,light rain
215,Tura,IN,25.5198,90.2201,51.93,66,0,3.89,clear sky
216,Lac Du Bonnet,CA,50.2536,-96.0612,15.66,98,100,2.86,overcast clouds
217,East London,ZA,-33.0153,27.9116,72.52,87,92,9.8,overcast clouds
218,Cidreira,BR,-30.1811,-50.2056,74.23,87,75,13.2,broken clouds
219,Vostok,RU,46.4856,135.8833,1.18,96,100,1.28,overcast clouds
220,Esperance,AU,-33.8667,121.9,65.35,62,0,11.63,clear sky
221,Wanning,CN,18.8003,110.3967,60.1,82,88,10.07,overcast clouds
222,Tynda,RU,55.1667,124.7167,-61.33,97,35,2.89,scattered clouds
223,Abha,SA,18.2164,42.5053,53.42,71,0,0.0,clear sky
224,Muros,ES,42.7762,-9.0603,56.08,93,100,12.44,overcast clouds
225,Arlit,NE,18.7369,7.3853,64.53,10,6,9.55,clear sky
226,Cap Malheureux,MU,-19.9842,57.6142,78.48,89,100,5.99,heavy intensity rain
227,Nanortalik,GL,60.1432,-45.2371,27.19,94,100,4.16,light snow
228,Tlacotalpan,MX,18.6167,-95.6667,74.62,87,43,7.49,scattered clouds
229,Villarrica,PY,-25.75,-56.4333,85.06,47,61,5.93,broken clouds
230,Labytnangi,RU,66.6572,66.4183,-5.94,100,56,1.59,broken clouds
231,Chapais,CA,49.7834,-74.8492,8.38,95,67,7.9,broken clouds
232,Sao Gabriel Da Cachoeira,BR,-0.1303,-67.0892,72.28,99,96,0.85,moderate rain
233,Paka,MY,4.6374,103.4368,78.73,89,40,8.05,scattered clouds
234,Klyuchi,RU,52.2667,79.1667,8.76,95,100,7.45,overcast clouds
235,Roma,US,43.2128,-75.4557,39.09,92,100,9.22,moderate rain
236,Guerrero Negro,MX,27.9769,-114.0611,61.48,42,0,14.56,clear sky
237,Sambava,MG,-14.2667,50.1667,74.01,88,100,9.46,overcast clouds
238,Rubtsovsk,RU,51.5,81.25,9.97,95,100,10.6,light snow
239,Ewa Beach,US,21.3156,-158.0072,84.02,67,0,10.36,clear sky
240,Kainantu,PG,-6.2887,145.8655,64.18,92,100,1.54,overcast clouds
241,Mgandu,TZ,-5.95,34.1333,60.08,94,99,1.7,overcast clouds
242,Angoche,MZ,-16.2325,39.9086,75.99,91,87,5.95,overcast clouds
243,Puerto Palomas,MX,31.7667,-107.6167,49.17,30,53,4.97,broken clouds
244,Umm Kaddadah,SD,13.6017,26.6876,63.95,19,30,10.98,scattered clouds
245,Jacareacanga,BR,-6.2222,-57.7528,69.91,99,100,0.72,overcast clouds
246,Sinjai,ID,-5.1241,120.253,79.11,78,100,2.86,overcast clouds
247,Pevek,RU,69.7008,170.3133,-18.89,92,100,15.37,overcast clouds
248,Thomasville,US,35.8826,-80.082,65.44,78,80,10.0,broken clouds
249,Togul,RU,53.465,85.9128,11.05,95,100,10.27,light snow
250,Rundu,NA,-17.9333,19.7667,67.95,91,100,4.7,moderate rain
251,Boende,CD,-0.2167,20.8667,73.49,65,86,2.75,overcast clouds
252,Tulle,FR,45.3333,1.8333,31.55,93,94,5.79,overcast clouds
253,Ahipara,NZ,-35.1667,173.1667,71.92,61,2,10.11,clear sky
254,Aripuana,BR,-9.1667,-60.6333,71.06,98,100,2.51,overcast clouds
255,Buchanan,LR,5.8808,-10.0467,78.82,89,49,6.11,scattered clouds
256,Omboue,GA,-1.5746,9.2618,75.4,92,100,8.32,overcast clouds
257,Faya,SA,18.3851,42.4509,53.71,81,10,3.18,clear sky
258,Grand Gaube,MU,-20.0064,57.6608,78.39,89,100,5.99,very heavy rain
259,Paamiut,GL,61.994,-49.6678,13.03,79,78,23.98,broken clouds
260,Vila Velha,BR,-20.3297,-40.2925,78.75,87,75,5.75,broken clouds
261,Kimbe,PG,-5.5502,150.1429,76.84,93,100,1.81,overcast clouds
262,Srednekolymsk,RU,67.45,153.6833,-33.2,100,100,2.91,overcast clouds
263,Rocha,UY,-34.4833,-54.3333,68.97,81,0,11.36,clear sky
264,Rio Gallegos,AR,-51.6226,-69.2181,69.85,43,75,2.3,broken clouds
265,Oyo,NG,7.85,3.9333,75.63,60,16,3.02,few clouds
266,Port Lavaca,US,28.615,-96.6261,71.92,28,0,9.22,clear sky
267,Olafsvik,IS,64.8945,-23.7142,30.96,84,100,20.67,light snow
268,Padang,ID,-0.9492,100.3543,73.45,84,100,3.49,overcast clouds
269,Bundaberg,AU,-24.85,152.35,84.22,68,21,4.0,few clouds
270,Newport,GB,51.5877,-2.9984,36.54,89,4,8.21,clear sky
271,Bogale,MM,16.2833,95.4,65.57,67,59,5.79,broken clouds
272,Asau,RO,46.4333,26.4,42.28,83,98,2.93,overcast clouds
273,Tyrma,RU,50.0833,132.1667,-18.67,96,100,3.76,overcast clouds
274,Raudeberg,NO,61.9875,5.1352,30.96,64,1,7.34,clear sky
275,Carballo,ES,43.213,-8.691,55.0,95,100,7.45,overcast clouds
276,Palmer,US,42.1584,-72.3287,37.51,87,100,4.61,light rain
277,Kumluca,TR,36.3703,30.2869,55.53,76,1,5.84,clear sky
278,Margate,GB,51.3813,1.3862,34.7,82,31,1.01,scattered clouds
279,Tukrah,LY,32.5341,20.5791,58.08,68,13,21.63,light rain
280,Cururupu,BR,-1.8283,-44.8683,71.73,98,98,2.35,overcast clouds
281,Tucdao,PH,11.7011,124.4719,78.73,86,92,13.89,overcast clouds
282,Hamilton,US,39.1834,-84.5333,47.43,68,40,26.46,scattered clouds
283,Qasigiannguit,GL,68.8193,-51.1922,-31.27,69,0,6.71,clear sky
284,Baykit,RU,61.67,96.37,-45.83,97,88,4.52,overcast clouds
285,Chissamba,AO,-12.1667,17.3333,61.74,90,100,4.25,overcast clouds
286,Geraldton,AU,-28.7667,114.6,76.08,76,0,8.55,clear sky
287,Tres Arroyos,AR,-38.3739,-60.2798,82.47,39,15,13.69,few clouds
288,Avera,US,33.194,-82.5271,66.54,51,87,13.24,overcast clouds
289,Carnarvon,AU,-24.8667,113.6333,76.57,78,0,8.52,clear sky
290,Comodoro Rivadavia,AR,-45.8667,-67.5,84.06,34,20,19.57,few clouds
291,Yulara,AU,-25.2406,130.9889,78.26,24,99,7.94,overcast clouds
292,Caborca,MX,30.5838,-111.101,58.12,26,1,7.7,clear sky
293,Blythe,US,33.6103,-114.5964,63.05,23,0,10.36,clear sky
294,Alofi,NU,-19.0595,-169.9187,85.89,70,75,11.5,broken clouds
295,Juneau,US,58.3019,-134.4197,39.22,97,100,25.32,light rain
296,Batemans Bay,AU,-35.7167,150.1833,65.1,56,48,7.7,scattered clouds
297,Eirunepe,BR,-6.6603,-69.8736,71.89,98,85,2.98,overcast clouds
298,Vallenar,CL,-28.5708,-70.7581,71.74,56,0,4.7,clear sky
299,Hamada,JP,34.8833,132.0833,39.92,65,93,18.84,overcast clouds
300,Khuzhir,RU,53.1939,107.3397,-6.74,87,97,4.85,overcast clouds
301,Piro,IN,25.3333,84.4167,47.01,59,1,2.15,clear sky
302,Ucluelet,CA,48.9329,-125.5528,45.09,89,99,2.17,overcast clouds
303,Itoman,JP,26.1247,127.6694,62.62,63,75,14.97,broken clouds
304,Birmingham,US,33.5207,-86.8025,64.51,34,20,16.11,few clouds
305,Truro,GB,50.2653,-5.0544,42.08,70,75,5.75,broken clouds
306,Thompson,CA,55.7435,-97.8558,3.36,85,20,4.61,few clouds
307,Vestmannaeyjar,IS,63.4427,-20.2734,39.88,67,100,33.24,overcast clouds
308,Buenavista,PH,8.9769,125.4089,78.3,85,87,5.08,overcast clouds
309,Podporozhye,RU,60.9112,34.1706,29.17,95,100,4.56,overcast clouds
310,Cairns,AU,-16.9167,145.7667,85.1,83,80,8.61,broken clouds
311,Tazovskiy,RU,67.4667,78.7,-27.22,87,18,8.75,few clouds
312,Behshahr,IR,36.6923,53.5526,41.58,83,6,2.08,clear sky
313,Libertador General San Martin,AR,-23.8064,-64.7876,95.97,34,56,4.7,broken clouds
314,Nacala,MZ,-14.5428,40.6728,74.08,93,100,4.99,overcast clouds
315,Okhotsk,RU,59.3833,143.3,-12.01,77,100,12.84,overcast clouds
316,Kloulklubed,PW,7.0419,134.2556,75.7,77,78,20.56,broken clouds
317,Lexington,US,37.9887,-84.4777,54.34,50,0,21.85,clear sky
318,Lithgow,AU,-33.4833,150.15,55.24,81,99,7.87,overcast clouds
319,Kerema,PG,-7.9631,145.7785,81.9,71,100,1.83,light rain
320,Bagdarin,RU,54.4333,113.6,-23.75,96,100,2.01,overcast clouds
321,Quesnel,CA,52.9999,-122.5029,30.7,80,40,13.8,scattered clouds
322,Sierra Vista,US,31.5545,-110.3037,57.25,18,0,10.36,clear sky
323,Murgab,TM,37.4966,61.9714,28.27,86,100,0.0,overcast clouds
324,Gladstone,AU,-23.85,151.25,80.78,70,14,11.1,few clouds
325,Borogontsy,RU,62.6683,131.1683,-65.97,100,82,1.83,broken clouds
326,Grindavik,IS,63.8424,-22.4338,36.07,80,100,27.63,overcast clouds
327,Nizhniy Tsasuchey,RU,50.5167,115.1333,-18.8,96,100,4.72,overcast clouds
328,Xacmaz,AZ,41.4635,48.806,39.92,88,70,3.98,broken clouds
329,Jalu,LY,29.0331,21.5482,56.93,26,0,10.98,clear sky
330,Matay,EG,28.419,30.7792,54.34,37,0,0.98,clear sky
331,Agadez,NE,19.75,10.25,59.67,16,92,6.93,overcast clouds
332,North Bend,US,43.4065,-124.2243,50.16,92,75,6.91,broken clouds
333,Kulhudhuffushi,MV,6.6221,73.07,79.27,63,3,10.83,clear sky
334,Portel,BR,-1.9356,-50.8211,72.9,90,86,3.67,overcast clouds
335,Coihaique,CL,-45.5752,-72.0662,85.95,23,0,5.75,clear sky
336,Ancud,CL,-41.8697,-73.8203,59.2,89,88,8.81,overcast clouds
337,Mosquera,CO,4.7059,-74.2302,53.69,87,75,3.44,broken clouds
338,Tilichiki,RU,60.4667,166.1,-22.99,91,15,9.55,few clouds
339,Bathsheba,BB,13.2167,-59.5167,79.41,69,20,20.71,few clouds
340,Ust-Maya,RU,60.4167,134.5333,-60.21,100,98,2.13,overcast clouds
341,Svetlogorsk,BY,52.6333,29.7333,44.13,96,96,12.08,overcast clouds
342,Haines Junction,CA,60.7522,-137.5108,18.95,97,91,2.93,overcast clouds
343,Bandrele,YT,-12.9067,45.1914,83.95,79,100,13.8,light rain
344,Yarovoye,RU,52.9273,78.58,7.9,96,99,7.38,overcast clouds
345,Olecko,PL,54.0337,22.507,31.84,97,100,7.47,light snow
346,Tual,ID,-5.6667,132.75,81.93,76,100,16.53,overcast clouds
347,Sinnamary,GF,5.3833,-52.95,75.24,87,82,6.24,broken clouds
348,Baghdad,IQ,33.3406,44.4009,48.11,100,0,6.91,clear sky
349,Orbetello,IT,42.4408,11.2196,39.22,81,79,5.3,broken clouds
350,Taoudenni,ML,22.6783,-3.9836,64.67,22,9,11.65,clear sky
351,Kashi,CN,39.4547,75.9797,7.81,85,20,0.0,few clouds
352,Komsomolskiy,UZ,40.4272,71.7189,18.32,79,4,2.3,mist
353,Trairi,BR,-3.2778,-39.2689,77.36,82,72,5.26,broken clouds
354,Belyy Yar,RU,53.6039,91.3903,13.89,70,40,13.42,light shower snow
355,Usak,TR,38.5,29.4167,41.52,73,21,5.64,few clouds
356,Homer,US,59.6425,-151.5483,35.04,79,100,17.0,snow
357,Luganville,VU,-15.5333,167.1667,76.53,95,100,3.87,overcast clouds
358,Gongzhuling,CN,43.5008,124.8198,1.71,75,71,15.68,broken clouds
359,Salta,AR,-24.7859,-65.4117,82.99,39,40,4.61,scattered clouds
360,Inverell,AU,-29.7833,151.1167,79.66,53,59,5.99,broken clouds
361,Ola,RU,59.5833,151.2833,-20.52,84,33,11.39,scattered clouds
362,Inongo,CD,-1.95,18.2667,74.79,82,68,6.91,broken clouds
363,Kukes,AL,42.0769,20.4219,41.99,99,100,6.62,overcast clouds
364,Forecariah,GN,9.4306,-13.0881,71.73,77,53,2.77,broken clouds
365,Pyapon,MM,16.2833,95.6833,65.95,64,70,5.84,broken clouds
366,Bonavista,CA,48.6499,-53.1147,32.25,97,100,17.13,overcast clouds
367,Jieshi,CN,22.8134,115.8257,59.88,73,100,12.88,overcast clouds
368,Doka,SD,13.5167,35.7667,76.8,37,3,13.15,clear sky
369,Hit,IQ,33.6416,42.8251,52.97,65,0,7.58,clear sky
370,Trapani,IT,37.8333,12.6667,46.49,66,75,16.11,broken clouds
371,Ostrovnoy,RU,68.0531,39.5131,34.5,90,89,20.69,overcast clouds
372,Moron,AR,-34.6534,-58.6198,85.89,73,15,13.11,few clouds
373,Ahtopol,BG,42.1,27.95,54.25,76,72,7.87,broken clouds
374,San Patricio,US,28.017,-97.5169,70.52,32,37,8.41,scattered clouds
375,Burley,US,42.5357,-113.7928,28.36,89,100,7.0,light snow
376,Olga,RU,43.7444,135.2892,17.1,87,100,5.46,light snow
377,Fare,PF,-16.7,-151.0167,80.64,74,7,17.4,light rain
378,Pangnirtung,CA,66.1451,-65.7125,-20.2,76,20,0.0,few clouds
379,Sao Miguel,BR,-5.4667,-35.3667,77.77,76,72,12.84,broken clouds
380,Kahului,US,20.8947,-156.47,82.42,56,20,6.91,few clouds
381,Payo,ID,-3.7508,103.6372,72.1,96,100,1.41,overcast clouds
382,Pacific Grove,US,36.6177,-121.9166,55.11,74,0,15.01,clear sky
383,Canyon,US,34.9803,-101.9188,51.01,35,100,6.76,overcast clouds
384,Sur,OM,22.5667,59.5289,69.33,53,22,17.34,few clouds
385,Santa Cruz Del Sur,CU,20.7147,-77.9956,73.85,68,4,4.21,clear sky
386,Ta Khmau,KH,11.4833,104.95,73.45,73,40,10.36,scattered clouds
387,Sao Felix Do Xingu,BR,-6.6447,-51.995,70.7,98,95,2.24,overcast clouds
388,Vila Franca Do Campo,PT,37.7167,-25.4333,54.01,84,35,4.12,scattered clouds
389,Fairbanks,US,64.8378,-147.7164,-4.92,79,40,0.0,scattered clouds
390,Winnemucca,US,40.973,-117.7357,30.25,69,100,12.66,overcast clouds
391,Idukki,IN,9.85,76.9667,57.13,77,3,5.46,clear sky
392,Hofn,IS,64.2539,-15.2082,28.18,97,100,11.92,snow
393,Akyab,MM,20.15,92.9,61.12,54,4,6.71,clear sky
394,Zlutice,CZ,50.0919,13.163,30.09,94,93,5.21,overcast clouds
395,Sterling,US,39.0062,-77.4286,44.6,92,100,3.44,mist
396,Tonk,IN,26.1667,75.7833,47.41,51,18,7.83,few clouds
397,Hirado,JP,33.3597,129.5531,50.9,55,100,20.47,overcast clouds
398,Hanchuan,CN,30.65,113.7667,35.71,49,0,8.28,clear sky
399,Marinette,US,45.1,-87.6307,30.69,100,100,14.38,mist
400,Katherine,AU,-14.4667,132.2667,83.7,71,100,7.81,overcast clouds
401,Coquimbo,CL,-29.9533,-71.3436,69.53,64,0,12.66,clear sky
402,Khvastovichi,RU,53.4694,35.0941,39.49,87,100,14.07,overcast clouds
403,Treinta Y Tres,UY,-33.2333,-54.3833,72.75,64,58,13.31,broken clouds
404,Anadyr,RU,64.75,177.4833,-26.9,74,40,8.95,scattered clouds
405,Fayetteville,US,35.0527,-78.8784,71.49,69,20,14.97,few clouds
406,Alyangula,AU,-13.8483,136.4192,84.52,69,100,8.88,overcast clouds
407,Berlevag,NO,70.8578,29.0864,23.0,80,99,13.8,overcast clouds
408,Itapaci,BR,-14.9508,-49.5494,68.95,90,70,1.7,broken clouds
409,Husavik,IS,66.0449,-17.3389,18.03,79,100,9.55,overcast clouds
410,Seoul,KR,37.5683,126.9778,29.59,53,0,16.11,clear sky
411,Progreso,MX,21.2833,-89.6667,84.11,80,49,5.88,scattered clouds
412,Ouadda,CF,8.0777,22.4007,70.92,25,13,7.07,few clouds
413,Sitka,US,57.0531,-135.33,42.69,81,100,9.22,light rain
414,Nenita,PH,12.4917,124.8044,77.25,94,98,8.79,overcast clouds
415,Itarema,BR,-2.9248,-39.9167,76.78,85,60,6.76,broken clouds
416,Vanimo,PG,-2.6741,141.3028,82.98,69,100,1.83,overcast clouds
417,Port Hardy,CA,50.6996,-127.4199,41.18,93,100,14.97,light rain
418,Rawson,AR,-43.3002,-65.1023,80.69,45,59,20.76,broken clouds
419,Niamey,NE,13.5137,2.1098,71.89,20,0,4.61,clear sky
420,Uvat,RU,59.1433,68.8953,14.79,97,96,4.07,overcast clouds
421,Severnyy,RU,50.677,36.5532,35.64,87,75,13.42,broken clouds
422,Tieling,CN,42.2931,123.8414,4.26,49,3,10.85,clear sky
423,Aquiraz,BR,-3.9014,-38.3911,79.18,84,64,6.62,broken clouds
424,La Rioja,ES,42.25,-2.5,38.98,98,100,16.46,overcast clouds
425,Northport,US,33.229,-87.5772,64.22,32,0,9.22,clear sky
426,Necochea,AR,-38.5473,-58.7368,75.45,59,34,20.13,scattered clouds
427,Tateyama,JP,34.9833,139.8667,44.1,68,90,4.68,overcast clouds
428,Hazorasp,UZ,41.3194,61.0742,13.84,56,30,4.29,scattered clouds
429,Cascais,PT,38.6979,-9.4215,57.51,92,61,17.0,broken clouds
430,Port Shepstone,ZA,-30.7414,30.455,76.1,72,100,6.31,overcast clouds
431,Baoqing,CN,46.3317,132.2111,-10.37,88,100,6.71,overcast clouds
432,Crotone,IT,39.0851,17.1178,46.18,70,100,14.79,light rain
433,Kalulushi,ZM,-12.8378,28.0919,62.69,98,100,4.0,overcast clouds
434,Platteville,US,42.7342,-90.4785,34.25,93,100,9.22,light snow
435,Koumac,NC,-20.5667,164.2833,80.62,69,93,4.85,overcast clouds
436,Balikpapan,ID,-1.2675,116.8289,76.19,100,20,4.61,few clouds
437,Casper,US,42.8666,-106.3131,25.39,63,0,14.97,clear sky
438,Leshukonskoye,RU,64.8989,45.7622,33.33,92,100,16.31,overcast clouds
439,Souillac,MU,-20.5167,57.5167,77.38,94,75,11.5,heavy intensity rain
440,Talnakh,RU,69.4865,88.3972,-28.1,85,3,7.29,clear sky
441,Alamosa,US,37.4695,-105.87,30.18,40,0,0.0,clear sky
442,Pisco,PE,-13.7,-76.2167,73.45,78,0,20.71,clear sky
443,Adrar,MR,20.5022,-10.0711,61.83,37,11,8.88,few clouds
444,Ternate,ID,0.8,127.4,80.85,79,92,5.12,overcast clouds
445,Derzhavinsk,KZ,51.1,66.3167,-5.19,76,33,4.5,scattered clouds
446,Oktyabrskiy,RU,54.4815,53.471,-3.98,85,35,4.54,scattered clouds
447,Syracuse,IT,37.0881,15.2792,45.77,59,48,24.94,scattered clouds
448,Ngunguru,NZ,-35.6167,174.5,72.66,59,4,3.8,clear sky
449,Hammerfest,NO,70.6634,23.6821,28.85,74,20,5.75,few clouds
450,Marrakesh,MA,31.6315,-8.0083,50.07,62,0,6.91,clear sky
451,Nicoya,CR,10.1483,-85.452,79.02,67,87,4.38,overcast clouds
452,Dawlatabad,AF,36.4141,64.9053,21.47,93,73,3.33,broken clouds
453,Urengoy,RU,65.9667,78.3667,-23.6,97,32,7.81,scattered clouds
454,Tirano,IT,46.2154,10.1679,32.4,89,94,5.26,overcast clouds
455,Bria,CF,6.5423,21.9863,72.07,25,83,4.9,broken clouds
456,Shar,KZ,49.5886,81.0453,5.09,96,100,3.13,overcast clouds
457,Benxi,CN,41.2886,123.765,5.32,42,0,9.31,clear sky
458,Tanete,ID,-3.9443,119.7848,78.64,85,100,3.29,overcast clouds
459,Sistranda,NO,63.7256,8.834,35.56,78,100,19.53,overcast clouds
460,Rio Tercero,AR,-32.173,-64.1141,88.81,37,18,7.14,few clouds
461,Novaya Igirma,RU,57.1334,103.9112,-29.45,98,99,4.54,overcast clouds
462,Tulum,MX,20.2167,-87.4667,74.86,94,23,7.47,light rain
463,Eureka,US,40.8021,-124.1637,50.61,78,79,11.99,broken clouds
464,Miramar,US,25.9873,-80.2323,77.02,67,0,10.36,clear sky
465,Namatanai,PG,-3.6667,152.4333,84.96,65,100,4.83,overcast clouds
466,Yarada,IN,17.65,83.2667,68.32,100,20,2.3,mist
467,Udachnyy,RU,66.4167,112.4,-42.56,57,89,5.86,overcast clouds
468,Villazon,BO,-22.0866,-65.5942,56.03,48,75,12.82,broken clouds
469,Lalibela,ET,12.0333,39.0333,55.78,49,1,4.59,clear sky
470,Kluang,MY,2.0251,103.3328,74.84,92,98,3.65,overcast clouds
471,Vilcun,CL,-38.65,-72.2333,57.94,54,25,4.74,scattered clouds
472,Itaperuna,BR,-21.205,-41.8878,70.97,97,39,4.85,scattered clouds
473,Birao,CF,10.2849,22.7882,69.3,22,21,6.04,few clouds
474,Mount Isa,AU,-20.7333,139.5,90.07,32,47,8.68,scattered clouds
475,Dubbo,AU,-32.25,148.6167,69.93,60,40,19.57,scattered clouds
476,Evensk,RU,61.95,159.2333,-24.03,75,34,10.85,scattered clouds
477,Porbandar,IN,21.6422,69.6093,64.4,55,67,11.07,broken clouds
478,Itaituba,BR,-4.2761,-55.9836,72.28,98,98,0.98,overcast clouds
479,Krasnoarmeysk,RU,51.0239,45.6969,10.71,96,36,5.7,scattered clouds
480,Ramhormoz,IR,31.28,49.6035,53.62,66,0,2.57,clear sky
481,Veraval,IN,20.9,70.3667,65.03,48,39,10.27,scattered clouds
482,Pahalgam,IN,34.0333,75.3333,24.89,91,100,5.01,light snow
483,Shibetsu,JP,43.659,145.132,29.21,96,100,11.83,snow
484,Fort-Shevchenko,KZ,44.5086,50.263,31.03,65,0,10.11,clear sky
485,Boa Vista,BR,2.8197,-60.6733,80.58,57,0,5.75,clear sky
486,Pangkalanbuun,ID,-2.6833,111.6167,76.14,92,94,2.39,overcast clouds
487,San Fernando,PH,15.0286,120.6898,74.93,74,78,6.85,broken clouds
488,Sampit,ID,-2.5333,112.95,76.21,93,100,2.28,light rain
489,Omaruru,NA,-21.4333,15.9333,68.86,78,100,6.33,light rain
490,Alexandria,EG,31.2156,29.9553,54.14,79,0,6.35,clear sky
491,Port Lincoln,AU,-34.7333,135.8667,62.11,67,100,13.24,overcast clouds
492,Atar,MR,20.5169,-13.0499,64.29,42,0,7.63,clear sky
493,Bokony,HU,47.7333,21.75,37.06,83,100,3.49,overcast clouds
494,Kargat,RU,55.1956,80.2811,0.81,99,92,6.11,overcast clouds
495,Lima,PE,-12.0432,-77.0282,70.05,73,0,11.5,clear sky
496,Barvinkove,UA,48.9097,37.0205,39.45,71,84,14.74,broken clouds
497,Alihe,CN,50.5667,123.7167,-36.17,97,49,3.29,scattered clouds
498,Kaitangata,NZ,-46.2817,169.8464,69.98,51,92,6.17,light rain
499,Uspenka,UA,48.3903,39.1619,33.57,86,53,10.51,broken clouds
500,Ponor,RS,43.1637,22.4508,42.1,71,98,11.36,overcast clouds
501,Matara,LK,5.9485,80.5353,68.54,81,3,10.33,clear sky
502,Sulangan,PH,11.1373,123.7228,78.85,86,90,14.72,overcast clouds
503,Conakry,GN,9.538,-13.6773,78.87,89,61,4.61,mist
504,Carutapera,BR,-1.195,-46.02,72.91,95,96,3.0,light rain
505,Takoradi,GH,4.8845,-1.7554,79.77,87,33,7.16,scattered clouds
506,Kavaratti,IN,10.5669,72.642,79.27,72,6,7.76,clear sky
507,Ishinomaki,JP,38.4167,141.3,33.8,69,78,7.67,broken clouds
508,Galesong,ID,-5.3166,119.3661,75.22,81,93,4.41,overcast clouds
509,Cuicatlan,MX,17.8,-96.9667,74.52,70,1,6.06,clear sky
510,Opuwo,NA,-18.0607,13.84,68.07,80,99,4.59,light rain
511,Noumea,NC,-22.2763,166.4572,85.98,99,56,16.15,broken clouds
512,Neuquen,AR,-38.9516,-68.0591,76.89,61,40,9.22,light rain
513,Orcopampa,PE,-15.2661,-72.3417,43.86,98,100,5.41,light rain
514,Kuytun,RU,54.3419,101.5036,-3.69,99,100,2.33,overcast clouds
515,Baker City,US,44.7749,-117.8344,33.51,71,75,17.27,broken clouds
516,Yeysk,RU,46.6989,38.2792,35.85,82,7,10.33,clear sky
517,Kuhdasht,IR,33.535,47.6061,38.75,51,0,4.76,clear sky
518,Strezhevoy,RU,60.7333,77.5889,-9.4,99,87,4.68,overcast clouds
519,Sumkino,RU,58.1108,68.3244,11.79,96,87,5.97,overcast clouds
520,San Antonio Palopo,GT,14.7,-91.1167,71.4,78,0,1.12,clear sky
521,Druzhba,UA,52.0428,33.9453,44.58,84,100,17.98,overcast clouds
522,Lavrentiya,RU,65.5833,-171.0,-22.41,92,30,6.82,scattered clouds
523,Zaqatala,AZ,41.6336,46.6433,36.07,87,75,4.61,broken clouds
524,Merauke,ID,-8.4667,140.3333,77.49,91,100,19.64,overcast clouds
525,Bemidji,US,47.4736,-94.8803,26.19,95,100,6.91,overcast clouds
526,Yining,CN,29.0361,114.5636,39.31,60,0,2.15,clear sky
527,Torres,BR,-29.3353,-49.7269,75.83,93,86,5.57,overcast clouds
528,Savelugu,GH,9.6244,-0.8253,79.47,17,15,6.82,few clouds
529,Mehamn,NO,71.0357,27.8492,22.95,80,98,9.22,overcast clouds
530,Poum,NC,-20.2333,164.0167,78.33,81,100,20.6,overcast clouds
531,Ghoti,IN,19.7168,73.6245,62.35,44,10,1.72,clear sky
532,Sisimiut,GL,66.9395,-53.6735,-8.0,88,10,9.98,clear sky
533,Temnikov,RU,54.6302,43.2148,27.9,78,100,14.27,overcast clouds
534,Ambilobe,MG,-13.2,49.05,74.14,92,100,7.29,moderate rain
535,Kitimat,CA,54.0524,-128.6534,37.78,28,100,4.85,light rain
536,Glushkovo,RU,51.3392,34.6328,43.95,79,100,18.25,overcast clouds
537,Knysna,ZA,-34.0363,23.0471,66.13,92,9,1.54,clear sky
538,Prado,BR,-17.3411,-39.2208,75.94,87,56,6.17,broken clouds
539,Altar,MX,30.7,-111.8167,59.41,26,2,8.16,clear sky
540,Maniitsoq,GL,65.4167,-52.9,-1.1,74,2,8.08,clear sky
541,Bay City,US,43.5945,-83.8889,42.42,95,100,4.61,mist
542,Dunedin,NZ,-45.8742,170.5036,70.81,67,75,4.0,broken clouds
543,Antofagasta,CL,-23.65,-70.4,69.08,79,38,7.02,scattered clouds
544,Pucallpa,PE,-8.3791,-74.5539,75.24,100,75,3.44,broken clouds
545,Westport,US,41.1415,-73.3579,41.9,90,100,13.8,moderate rain
546,Burnie,AU,-41.0667,145.9167,66.94,54,16,6.02,few clouds
547,Laramie,US,41.3114,-105.5911,27.95,72,40,5.75,scattered clouds
548,Guantanamo,CU,20.1444,-75.2092,78.37,75,1,2.21,clear sky
549,Wittmund,DE,53.5667,7.7833,35.04,90,15,6.91,few clouds
550,Tianpeng,CN,30.9866,103.9393,39.67,60,89,2.91,overcast clouds
551,Merrill,US,45.1805,-89.6835,29.17,88,100,4.61,overcast clouds
552,Cairo,EG,30.0626,31.2497,56.16,62,0,0.0,clear sky
553,Areni,AM,39.7191,45.1799,33.01,58,0,2.73,clear sky
554,Bubaque,GW,11.2833,-15.8333,78.49,72,18,6.89,few clouds
555,Gotsu,JP,35.0,132.2167,47.44,61,96,18.43,overcast clouds
556,Lompoc,US,34.6391,-120.4579,59.85,68,75,20.71,broken clouds
557,Zhongshu,CN,24.5167,103.7667,38.59,92,100,3.33,overcast clouds
558,Wonthaggi,AU,-38.6044,145.5913,65.82,53,21,3.71,few clouds
559,Ostrzeszow,PL,51.4264,17.9336,27.45,67,100,3.6,overcast clouds
560,Eyrarbakki,IS,63.863,-21.1481,33.85,85,100,17.25,overcast clouds
561,Panaba,MX,21.2833,-88.2667,78.75,74,75,12.66,broken clouds
562,Saint-Pierre,RE,-21.3393,55.4781,76.68,88,0,3.44,clear sky
563,Fonte Boa,BR,-2.4959,-66.2662,73.27,97,94,1.61,moderate rain
564,Marsa Matruh,EG,31.3525,27.2453,52.0,87,0,6.91,clear sky
565,Joacaba,BR,-27.1781,-51.5047,68.56,97,83,3.98,broken clouds
566,Pozoblanco,ES,38.3791,-4.8483,44.28,91,96,13.11,overcast clouds
567,Mocuba,MZ,-16.8392,36.9856,71.62,96,95,1.92,overcast clouds
568,Chiredzi,ZW,-21.05,31.6667,72.81,74,76,4.34,broken clouds
569,Nishihara,JP,26.1842,127.7558,61.88,66,75,14.97,broken clouds
570,Jhalida,IN,23.3667,85.9667,52.86,32,1,1.12,clear sky
571,Shimoda,JP,34.6667,138.95,49.1,61,17,17.0,few clouds
572,Camacha,PT,33.0833,-16.3333,58.42,63,75,13.8,broken clouds
573,Barranca,PE,-10.75,-77.7667,70.99,75,64,5.75,light rain
574,Plettenberg Bay,ZA,-34.0527,23.3716,65.5,93,8,2.06,clear sky
575,Fraserburgh,GB,57.6874,-2.0184,39.11,72,61,21.68,broken clouds
576,Wenling,CN,28.3669,121.36,46.27,65,63,6.22,broken clouds
577,Boguchany,RU,58.3814,97.4531,-31.47,94,100,6.55,overcast clouds
578,Fayaoue,NC,-20.65,166.5333,78.87,69,25,12.73,scattered clouds
579,Whitehorse,CA,60.7161,-135.0538,29.17,74,75,12.66,broken clouds
580,Saint-Francois,FR,46.4154,3.9054,31.44,86,0,2.3,clear sky
581,Empalme,MX,27.9667,-110.8167,73.92,28,20,16.11,few clouds
582,Oistins,BB,13.0667,-59.5333,78.89,69,20,20.71,few clouds
583,Tiznit,MA,29.5833,-9.5,54.93,40,0,3.62,clear sky
584,Rebrikha,RU,53.0733,82.3408,9.7,95,99,8.9,overcast clouds
585,Les Escoumins,CA,48.1111,-69.0236,25.95,95,95,2.62,overcast clouds
586,Adzope,CI,6.1069,-3.8619,73.53,93,85,1.83,overcast clouds
587,Pangoa,PE,-12.1167,-73.0,66.96,99,97,2.04,overcast clouds
588,Zerbst,DE,51.9667,12.0833,34.92,85,99,5.68,overcast clouds
589,Maltahohe,NA,-24.8333,16.9833,75.24,49,51,6.04,broken clouds
590,Ugoofaaru,MV,5.6667,73.0,79.66,66,0,16.06,clear sky
591,Mariental,NA,-24.6333,17.9667,78.58,48,83,9.13,light rain
592,Ust-Omchug,RU,61.15,149.6333,-38.65,99,63,4.9,broken clouds
593,Labuhan,ID,-6.8844,112.2051,78.1,85,100,7.25,light rain
594,Abu Dhabi,AE,24.4667,54.3667,64.96,71,0,0.0,clear sky
595,Kodinsk,RU,58.6881,99.1844,-37.53,96,100,4.97,overcast clouds
596,Luanda,AO,-8.8368,13.2343,77.0,94,75,11.5,broken clouds
597,Kirn,DE,49.7833,7.45,30.15,87,99,2.48,overcast clouds
598,Treuchtlingen,DE,48.95,10.9167,30.79,97,100,1.72,overcast clouds
599,Zhaotong,CN,27.3167,103.7167,25.5,80,74,4.7,broken clouds
600,Ballinasloe,IE,53.3275,-8.2194,30.6,92,82,3.29,broken clouds
601,Tiarei,PF,-17.5333,-149.3333,84.22,74,29,17.02,light rain
602,Nuuk,GL,64.1835,-51.7216,9.21,72,20,19.57,few clouds
603,Peniche,PT,39.3558,-9.3811,57.11,94,50,21.23,scattered clouds
604,General Roca,AR,-39.0333,-67.5833,79.63,71,54,18.45,light rain
605,Kholm,RU,59.2667,32.85,29.12,97,100,3.0,overcast clouds
606,Belen,TR,36.4891,36.2233,33.94,100,100,2.3,fog
607,Hokitika,NZ,-42.7167,170.9667,67.21,71,90,6.69,overcast clouds
608,Estevan,CA,49.1334,-102.9842,23.34,93,100,4.61,fog
609,Princeton,US,25.5384,-80.4089,75.99,79,0,8.05,clear sky
610,Teknaf,BD,20.8624,92.3058,58.57,55,1,6.78,clear sky
611,Kingsland,US,30.8,-81.6898,76.95,91,73,7.65,broken clouds
612,Patrocinio,BR,-18.9439,-46.9925,67.14,82,82,2.93,light rain
613,Taltal,CL,-25.4,-70.4833,69.39,74,14,6.96,few clouds
614,Iquique,CL,-20.2208,-70.1431,73.44,81,82,7.02,broken clouds
615,Kawalu,ID,-7.3817,108.2082,73.13,90,92,0.94,overcast clouds
616,Inuvik,CA,68.3499,-133.7218,-2.99,77,40,3.44,scattered clouds
617,Mpika,ZM,-11.8343,31.4529,60.98,98,100,3.29,overcast clouds
618,Havelock,US,34.8791,-76.9013,66.16,87,82,10.0,broken clouds
619,Arrecife,ES,28.963,-13.5477,62.58,72,20,20.71,few clouds
620,Le Port,RE,-20.9373,55.2919,77.0,91,100,6.33,overcast clouds
621,Teya,RU,60.3778,92.6267,-28.89,96,100,5.37,overcast clouds
622,Krasnoselkup,RU,65.7,82.4667,-28.97,89,20,8.12,few clouds
623,Javanrud,IR,34.7961,46.5172,31.66,70,0,5.01,clear sky
624,Yataity Del Norte,PY,-24.8333,-56.35,80.31,62,48,5.17,scattered clouds
625,Alzamay,RU,55.5562,98.6644,-2.43,98,100,3.0,light snow
626,Hayden,US,47.766,-116.7866,34.36,89,100,5.75,overcast clouds
627,Kupang,ID,-10.1667,123.5833,77.58,94,100,4.61,overcast clouds
628,Nelson Bay,AU,-32.7167,152.15,71.01,88,92,7.0,light rain
629,College,US,64.8569,-147.8028,-4.94,79,40,0.0,scattered clouds
630,Sorland,NO,67.667,12.6934,37.26,95,100,16.55,overcast clouds
631,Ciudad Bolivar,VE,8.1222,-63.5497,82.13,57,78,10.38,broken clouds
632,Belaya Gora,RU,68.5333,146.4167,-41.13,100,100,3.69,overcast clouds
633,Imbituba,BR,-28.24,-48.6703,72.77,91,85,4.05,overcast clouds
634,Qarqin,AF,37.4185,66.0436,26.74,74,85,4.79,overcast clouds
635,Deputatskiy,RU,69.3,139.9,-31.7,98,16,4.09,few clouds
636,Karmaskaly,RU,54.3709,56.1837,-9.17,96,7,3.36,clear sky
637,Qitaihe,CN,45.8,130.85,-5.94,99,100,3.51,overcast clouds
638,Kiunga,PG,-6.1219,141.2906,79.18,81,98,1.86,light rain
639,Beyneu,KZ,45.3167,55.2,21.15,65,0,7.9,clear sky
640,Tucumcari,US,35.1717,-103.725,48.04,21,0,3.44,clear sky
641,Oranjestad,AW,12.524,-70.027,80.55,79,20,16.11,few clouds
642,Gambissara,SN,13.2382,-14.3108,77.32,17,10,6.96,clear sky
643,Aden,YE,12.7794,45.0367,74.91,78,65,9.35,broken clouds
644,Ormara,PK,25.2088,64.6357,63.23,53,79,14.76,broken clouds
645,Whitecourt,CA,54.1502,-115.6855,33.04,55,75,6.91,broken clouds
646,Soldotna,US,60.4878,-151.0583,32.07,85,0,16.11,clear sky
647,Palana,RU,59.1167,159.9667,-13.65,98,92,6.53,overcast clouds
648,Kunashak,RU,55.7032,61.5498,16.32,73,14,6.29,few clouds
649,Artigas,UY,-30.4,-56.4667,82.63,51,33,12.12,scattered clouds
650,Salinopolis,BR,-0.6136,-47.3561,74.88,88,100,4.9,overcast clouds
651,Ismailia,EG,30.6043,32.2723,55.35,42,0,5.7,clear sky
652,Marawi,PH,7.9986,124.2928,72.14,88,95,1.32,overcast clouds
653,Bozeman,US,45.6796,-111.0386,31.42,69,100,4.61,overcast clouds
654,Grenada,ES,37.1882,-3.6067,43.68,75,100,0.0,overcast clouds
655,Carlyle,US,38.6103,-89.3726,41.22,78,100,13.0,overcast clouds
656,Sao Jose Da Coroa Grande,BR,-8.8978,-35.1478,77.94,81,90,6.98,overcast clouds
657,Port Hedland,AU,-20.3167,118.5667,83.03,70,55,6.73,light rain
658,Dallas,US,32.7668,-96.7836,59.54,33,75,8.05,broken clouds
659,Athabasca,CA,54.7169,-113.2854,25.21,87,30,7.63,scattered clouds
660,Kincardine,GB,56.0667,-3.7167,38.84,87,7,5.23,clear sky
661,Karasjok,NO,69.4719,25.5112,14.2,95,100,6.31,overcast clouds
662,Lalsk,RU,60.7415,47.5862,26.82,93,100,10.69,overcast clouds
663,Kourou,GF,5.1552,-52.6478,75.25,89,44,5.35,scattered clouds
664,Skibbereen,IE,51.55,-9.2667,38.86,82,74,2.37,broken clouds
665,Aksarka,RU,66.5606,67.7975,-7.58,100,59,3.74,broken clouds
666,Manta,EC,-0.95,-80.7333,80.38,74,20,9.22,few clouds
667,Usinsk,RU,65.9939,57.5281,20.05,94,100,23.33,light snow
668,Bilma,NE,18.6853,12.9164,64.2,16,23,8.05,few clouds
669,Coihueco,CL,-36.6167,-71.8333,64.49,50,8,5.86,clear sky
670,Meybod,IR,32.2501,54.0166,35.62,70,0,3.27,clear sky
671,Henties Bay,NA,-22.116,14.2845,64.89,91,80,7.38,broken clouds
672,Virginia Beach,US,36.8529,-75.978,69.82,63,0,10.36,clear sky
673,Lethem,GY,3.3803,-59.7968,77.4,67,28,9.62,scattered clouds
674,Kerman,IR,30.2832,57.0788,31.86,93,40,4.61,scattered clouds
675,Rio Grande,BR,-32.035,-52.0986,77.11,82,56,15.26,broken clouds
676,Yarim,YE,14.298,44.3779,44.92,57,4,2.95,clear sky
